relative_date,1973-05-18 00:00:00,1973-11-26 00:00:00,1974-07-31 00:00:00,1974-09-05 00:00:00,1978-04-26 00:00:00,1979-10-25 00:00:00,1980-04-01 00:00:00,1982-09-07 00:00:00,1986-07-08 00:00:00,1987-04-20 00:00:00,1987-10-08 00:00:00,1990-10-01 00:00:00,1994-11-09 00:00:00,1996-01-17 00:00:00,1996-03-11 00:00:00,1997-05-12 00:00:00,1997-06-27 00:00:00,1997-08-28 00:00:00,1997-10-24 00:00:00,1998-09-14 00:00:00,2001-05-31 00:00:00,2001-09-19 00:00:00,2002-07-10 00:00:00,2006-07-03 00:00:00,2007-03-23 00:00:00,2007-07-30 00:00:00,2008-08-25 00:00:00,2010-09-10 00:00:00,2011-08-23 00:00:00,2015-01-26 00:00:00,2015-03-23 00:00:00,2015-09-03 00:00:00,2016-07-13 00:00:00,2018-12-13 00:00:00,2020-03-11 00:00:00,avg
-42,107.78932822101707,112.68378522235759,110.04917597534276,114.42076082295833,91.39640378298824,109.13999938964845,111.72441115791108,88.59684958878778,97.71927869930111,99.7658139331216,104.40539730600973,112.88498960363582,100.17404331096186,97.95339920436979,93.50957192043401,96.01270629495109,89.49058928402039,97.94947617911959,96.96062245954226,114.09024705926146,92.39620372995769,118.33972837943216,116.57197343939187,102.18171169820762,99.43458403604096,103.82112510146575,104.35177341812975,98.71929319251342,110.42285257957623,100.31160094286138,96.56437738465266,106.6735728876064,95.89673870817106,104.39872033743123,119.45443868261772,103.32158696953702
-41,106.38359061665284,112.94263798199754,112.34396824724972,114.97107407811306,90.60111701838028,109.0199966430664,112.6639287558808,89.6679569648601,98.1539006073578,99.81824285353281,106.10198073806183,111.60221256800176,100.45337685793136,98.51081545352956,94.16736727748231,94.25781616311775,90.3121872962815,98.60126441595682,97.03283611499478,114.9817449326451,91.24476789074929,119.51972941500554,114.61427573009182,102.50432045720754,100.27992421000165,103.84758632632976,101.28746006076534,98.7039787075851,109.12805762588438,100.59889570667188,98.03888857436404,104.89716464761474,95.08369844084056,103.78224808991976,119.1133749149055,103.29235389665804
-40,104.79491209153981,112.2696192270218,113.65527949115564,112.8686253192326,89.89878247250222,109.0199966430664,111.92992993247113,90.27766104908478,98.4519266976832,99.78678550128608,105.8027790851235,109.5002167645321,100.73055305996428,98.96103239875,94.02987081550336,94.68877687119728,89.99549648175964,100.03984268522001,95.96767011303598,115.24977991731578,88.10657644092052,118.85739493705528,116.74037098384854,103.55963337044483,99.14978928758642,104.23566772685489,100.91093108631345,98.82203886402607,110.13033961141028,100.48320399115056,97.50050581783319,105.13446328333997,96.01520038954882,106.01310979889492,119.94433545777193,103.243517076127
-39,104.8334263562156,112.04182753460915,113.86962594706078,112.72752404895516,90.05371071702992,109.0199966430664,112.21374370685086,90.17878756810398,98.34016533481481,98.70320825524553,106.52215113175664,106.18847719670069,102.02191744424525,98.42999825058789,93.71894456731624,94.99200719661975,91.62289889412385,101.46624323597979,95.52163849355352,114.9924260260192,87.85096966010889,119.57681810105395,119.2086721154726,103.47371052803216,99.03002334203428,104.42835844913536,101.03880794218281,95.97403974768946,111.55590580983706,100.76515804179071,97.75093205056693,106.43166329207389,95.11157277844931,105.98632427869762,119.76267583080914,103.29726715762257
-38,105.75774667089983,112.64236783286808,115.9500717630626,117.32749866429081,90.1879776596324,109.31999969482422,113.25112632128412,90.99447964255435,97.85587451703238,98.87797843469964,106.31206593490926,106.31548357676787,101.24409295678025,98.9890652683717,95.06577667477137,94.26975126675678,93.57488892708888,100.94393190635869,98.50686065376661,113.14434792339867,91.68829853425609,119.16642108840685,118.53400773689773,103.51120343851564,98.92139248439366,103.86997277102692,101.42638919255079,96.54814590215408,112.4798951813653,100.50896996513463,96.44225602178452,107.60944131871699,95.1310876504151,104.46097732883888,119.98665561402876,103.73761430053155
-37,107.41382332273426,112.63201151060586,116.69399306611052,118.21644635584197,90.32224460223487,107.44000244140625,113.79917638677759,91.01919644128387,98.32360482091592,99.26946192993682,106.35026147724076,107.43316297727684,101.17103830651178,98.6856258114182,94.74234814737393,93.80536789665513,93.28975782187928,101.66875268350515,98.53659263810918,113.04820622832219,89.85603844288657,117.21583091369168,119.31187495772821,103.33232068147846,99.49237599230845,102.94929606930307,99.58006169424742,97.65039275272805,113.61810490706179,99.8225577719779,95.14070900810515,108.08864329358418,94.77846451928592,104.42324916834092,120.99053033069211,103.71747215341601
-36,107.47159839267037,112.24891448205669,117.38746859163547,116.84774142694326,89.75418487893714,106.40000152587889,115.43354530824716,91.51355127406234,97.03629961064476,98.90593696987722,104.80328372866983,107.93801987877079,99.56166554110965,98.94453477817193,95.03452574496801,93.43290231190535,91.92156050243221,100.4282531444416,98.85624874010149,110.68543219781813,90.5854353708811,115.30853779800816,120.22010505948553,102.00986601338226,100.14831767096801,101.14049949682263,99.68899454449254,96.39853262590388,115.25530796092531,100.45987100872186,96.04784572648897,108.00919964686429,95.34898387122203,103.97427853182926,121.45781538936147,103.44740742127713
-35,108.52108455816727,113.73990100588249,116.35355140582493,118.10356103348525,90.22929238350497,106.8499984741211,114.62125895163994,91.23341917371089,96.34504658102443,99.33937426856856,104.98789875461357,106.5345737006192,99.15341588030132,99.16717716350844,95.59544989513725,93.60599774661162,92.44449690638494,101.11877638716742,98.66296815559933,110.78740641003118,93.03722307766856,117.16268269250523,118.62201262782656,100.86315697934533,100.68448490400831,102.29050681403457,98.85305897993564,98.56878877166609,115.10130623166148,100.83807657894329,94.79999545228003,108.87485886365053,95.15013747748077,103.40118998449977,121.13571197785103,103.62222400712176
-34,107.37530905805848,114.13336225625316,116.07615734772956,118.21644635584197,90.72505331002016,107.66000366210938,115.38461653332648,91.90079788365868,96.52717433799945,98.9199215710286,106.5826306451229,107.58874506611174,99.11259025849255,100.01319608332999,95.8407558662487,94.41659384529002,92.95390968598983,101.43968594859463,98.89129579467753,111.4157297296913,92.83894702370613,118.38697791693814,117.31833077160768,101.1178074542619,100.85508975093359,102.3888812831847,100.54150370501773,99.37902624079783,115.21658698603471,100.72091320023722,96.02883695310187,108.9952943810043,96.4519229209629,100.20977078300302,121.17072941354165,103.90841697211167
-33,106.08511424772158,114.02981483274974,116.4292008326824,117.87780115410871,90.77669868485533,108.1699981689453,115.91309658217612,91.8019244026779,97.73169592673254,99.31140506626578,106.92003755441675,107.7633873174241,98.76880521188308,100.2094463020065,95.74543909988166,94.19932103978797,94.40549810308124,101.62780907309596,99.14829240405165,109.76187918960257,94.2412169433391,118.67138817651504,117.98538291278153,100.92876957269144,100.75760248127159,101.29519206583983,98.25155307602569,100.49208784617392,116.42104350034252,100.88863533028929,97.4154448923072,109.07935524392197,97.12465006789088,102.07618177751954,121.30898238191948,104.10326147037073
-32,105.18004739245279,113.08759489543117,115.11789920848999,118.2587756603915,91.79921249077353,107.51000213623047,114.22979141916369,91.85136428619965,97.45850429127,100.88433668135282,106.10198073806183,107.97612082379437,99.01590317311343,99.83508418819326,96.86572342326329,94.3700338255993,93.89496408707315,102.44447943090138,97.59887164948019,109.27339402470476,93.93703748669402,118.54345521823868,119.18693612749306,99.22902103836672,100.82793203652342,102.83328078357692,98.93830700524468,100.38663573551445,115.61062305272722,100.1565303688973,97.0105818018809,108.614492916108,97.10421077740422,100.30748082366765,120.21208703560487,103.87579131525376
-31,104.72751396481841,115.02380848182003,113.52919390648867,119.44405001446323,91.87151128755607,107.8199996948242,112.94774253026054,91.59594269851496,99.39153059191773,101.54846122985339,107.19696495034434,105.54074175136827,99.28018776376246,100.10059622944314,96.40792638780069,92.38593578462486,94.22292229563455,103.64292768022432,96.91495822808523,110.99619155598516,94.90294067358452,119.203819463758,117.74636661543217,98.56428470354092,100.9685911470271,103.32855706154021,97.84108677308522,99.69176298546202,113.51916530726673,100.13271078815752,98.00895715212494,108.3551530166094,97.52048267577308,99.64950391521775,118.32106535649922,103.78124441893914
-30,104.48680531997839,115.3862086649634,112.78527260344077,119.92379648647396,92.28465064630397,107.8499984741211,112.15501872367501,90.92856398856716,99.90066218054851,101.59740200032066,106.49669067487697,104.09283801071207,99.8796739222308,101.20553418168076,97.12508611409709,90.38512276944535,94.88110182181654,103.09183695041291,98.1171104426222,108.83250551896006,98.59375445010569,119.66637958137608,116.73928352136267,98.97203440804111,100.84952220697782,104.00295802537478,96.95779119446773,99.27718271566745,113.01587664990788,98.49544395627689,97.67394564824964,107.7401248037292,97.42244894232343,101.21069077535422,119.51061619643677,103.75811235916855
-29,105.21856165712857,113.94698795333002,112.01613803134487,118.49865966173374,92.04710083400897,108.76000213623047,113.98512514469381,90.16231179763857,101.30800269465203,100.77248120639213,105.48128374712647,104.30875951578852,99.32101338557125,101.86519742890773,97.53131959220636,90.68596315958479,93.51403261752364,101.2869747919876,97.6774569074199,108.03324914118555,99.83038930946219,120.14073706635516,115.99075126417513,98.58458541727931,100.13578857205077,103.87676407130502,95.90082938321267,99.2834867385582,113.3668859104906,98.94218867885117,97.25910541707697,106.58694690457884,97.53302754551683,102.30896158027937,119.4070155277213,103.58765956546767
-28,106.73984205552019,114.09194486676367,111.22179019020098,116.26922298920464,92.44990954179426,108.83999633789062,112.82051128889803,88.7698734659571,102.08618263227788,101.66730367182717,104.09982325333348,102.19723847606296,99.42200204626462,102.27748695842457,98.45786150182985,89.54826652820587,93.91074394172928,101.02581912717706,100.42479078392749,104.1176266966164,98.97756315638603,119.51087538267862,115.66483080012043,98.15574356680013,99.80920749369317,104.0565513230571,98.3044440459501,101.469959515631,112.6054994286372,97.33798086149501,98.29740093163292,105.97140566767669,97.80852694986237,103.38912360504364,119.7812799567394,103.47367511540888
-27,108.03966726848726,113.86415317435102,110.27613387562864,114.20911430021059,93.16256685865707,108.0,112.58563375606113,88.75339769549167,102.64497681464894,101.47506074127773,104.97834986903068,100.5112038290093,99.21357891918593,101.61617294257358,99.37501954971196,89.5733389895135,94.85630392467823,103.3541002945549,100.14442731090503,105.02176169046263,97.49486691699205,118.14585270278046,115.93425626186095,98.31118848712102,100.56750698046761,102.64126919132426,99.48533203031464,100.98327354596557,113.23095817031998,96.7206062872537,98.29454700532641,107.28398388428882,97.52372664751513,102.73604693618967,117.66045412947474,103.39053802804668
-26,108.49220069612164,113.90557056384051,110.56613937810475,113.58825579258556,93.8029332587152,108.27999877929688,110.91211733468171,88.23431977792094,102.3842087226033,101.79314374793924,102.94117332781576,97.49793458381694,97.67726736133173,101.83221225341393,99.75625800584545,90.47824280882682,94.59596383785602,103.63960464223005,100.60001309322179,105.81808995495922,96.30918622347883,118.5316458372653,113.05964201265435,99.42899594138291,101.33625304971783,103.27563461181217,99.51375767456261,101.59433469674791,112.31040296173975,95.89954284682088,99.24254939612776,108.06917340631121,98.00132775990254,103.31140138378345,118.51403529458284,103.29124374337194
-25,108.39591870735461,114.12300593399097,112.19266939353479,111.90912160987432,92.73910472892443,110.51000213623048,111.54825114162786,89.7915472445704,101.42803799848441,101.3282597641264,102.39368122167451,98.91090599822441,97.44735602952008,102.16864695152357,99.34689657382239,90.9832186467997,94.18009519228275,104.05347146364763,100.94197304481575,105.80060425825913,97.84444048933496,116.47771456882366,113.06071621340257,99.99766384459093,101.44139887984416,101.94381093483823,99.46007656808621,101.46545978550479,114.14204055021801,97.85133021142934,99.64693683216964,108.07223903766203,98.12769520458176,103.95805800188862,120.28942462755235,103.54205067969188
-24,107.9145014176746,113.02547276097657,110.46526706248581,111.11894588405107,92.40859481792168,110.47000122070312,109.98238101172282,88.84403014820839,101.62258298289089,100.7480214882837,101.92576640006527,102.0638851684804,97.19810728063261,102.04661086129256,100.2203014126908,91.45954440692844,95.46151706862304,103.88637398401659,101.46446389414454,105.18782246292024,98.30390281498923,116.4678754202812,114.06130105603216,98.41273973245394,101.35296418165221,101.61678498022779,100.80199823606833,101.08962780300732,114.06547026870801,100.20124994051038,99.8061302337064,107.82675078675675,98.4524553406607,106.16288949075457,121.64275233482225,103.65083098158128
-23,107.29828787455178,113.63636148193837,108.82612560267503,110.89317523933767,92.29498129726656,109.61000061035155,109.953022253446,87.45159181652693,100.97272492203231,102.23006919657453,100.80850793077202,102.03213115097218,97.78685261537419,102.52651144475875,100.98590627887158,90.80056347096131,95.7635561436429,103.62743367786888,101.09277195820798,103.8126880008763,99.77943514361891,117.13020989823148,111.80701784632032,99.21105648003741,101.64124395762104,101.28772991760744,101.21167440245682,101.64390874063226,115.61062305272722,100.65917455598795,99.7747602469876,107.52948464797511,98.28333779284927,105.89653567798132,122.04729633691973,103.59762147614175
-22,106.81687058487177,114.17477174618335,108.43525740429347,111.88090566195356,91.78888971978878,109.68000030517577,111.23507860897128,86.6441470564034,101.68053214956608,102.33842585446607,99.80901257431836,102.93706735514519,98.63343673507286,101.73985980142864,101.54838486955289,90.53077038033706,95.48180250514478,104.273683518049,100.30159782678444,105.29270107899195,99.49355913876379,117.24141990806945,111.63102132620028,100.43118754121645,101.49849383060878,102.20026534107112,98.87121284900789,101.03735832176129,115.71558031420174,101.0427327076312,99.66879373120005,107.28757505244262,97.3815703613501,104.9223919948507,121.38813674825171,103.5724141400893
-21,107.39456986331881,114.41291976085822,108.46047067334146,113.61647174050628,92.43957889083165,109.95999908447264,110.09982351145233,85.44944940062076,101.68881240651552,102.79282405419667,99.92360891533694,101.19704990933099,100.08380203127467,101.64421587785762,102.50773214949179,88.06079412448983,95.12904639944507,105.380282186713,99.6038781863684,104.38857793985537,100.84566224231185,116.79263940385572,111.9797519789828,100.62725295967053,101.41145314342256,102.15752155968671,99.28325942505232,98.19025035002178,115.06259575879825,101.21918987077967,100.27941794753046,107.62174138246334,96.59130028028596,102.85526460741158,122.27747452686386,103.46939092981187
-20,108.00115300381145,115.32407863094949,106.29177360581492,116.62198154756669,92.58417648439674,110.20999908447267,110.37384854419908,84.93037776911278,99.32530748427857,104.22245350920151,100.94537852880134,102.41950690865482,100.01504239904102,100.07256335982146,102.55460377597441,88.78662038450123,95.6023938878721,105.60381727910865,100.38018308472417,103.20767104034323,100.92450414218877,115.93544413303827,110.11765813627497,98.83611783987438,101.05005579019047,101.99740423252055,97.43693192674895,97.66210965391244,114.59026707810808,101.20509038800994,100.24899926958048,106.7873516054555,96.41754362603223,102.70284136524359,122.48393668648139,103.31054817675162
-19,107.42345372536441,115.08593851583396,106.22872600362471,115.09806199176171,92.34662667210175,109.31999969482422,108.75904963937334,84.7326308071512,99.1680141821664,105.26757576885706,102.48917979152733,102.58779254248613,100.51353989681597,100.91693151101897,103.34833161804478,90.09860741822796,95.38600214080488,104.81038792483639,101.2425143393465,105.23929561212148,99.42348501027006,116.29367804071438,110.84120527976297,98.72362957309574,100.92332828967685,103.0883852118277,99.71266973361702,97.26915889372209,112.2630913284655,101.5400361815515,100.52556329080443,106.48035052303737,96.24006661257779,101.92564678557179,123.27550706707424,103.38824176051597
-18,105.9021733269728,113.20149074163749,105.48481432029028,114.09622897785387,92.14005305273888,108.55999755859375,106.33196437794041,84.53489013125235,99.809598302061,105.43535898129808,102.83931207224903,103.00057539016163,100.79501767416315,99.92908740880259,103.2014608307693,91.15035381607451,95.28682430975346,105.16007013231162,100.59895656096806,106.94169118813352,100.8592027140821,114.35587034957571,109.6787542984607,98.12216014087876,97.41872512083482,103.45746753572121,101.37507849573034,97.28087579490648,111.90003624249643,101.62754079978484,100.44858848981357,107.84416857794183,96.541585846211,103.0054219493153,123.07451304212458,103.18256881576866
-17,104.31349480185979,112.12466231358817,102.2443561140975,112.52998011749935,91.36541971007827,109.58999633789061,104.61930045665116,84.38658305281254,99.95861134722371,104.99493471559364,101.13954244032797,101.75271130084495,100.76493287608113,100.67945233939078,102.43117357016267,90.9402435300335,94.68161804455958,105.38913686722213,101.46233786605117,106.63676434710305,100.61235398428624,115.28491903606137,109.42997073134504,98.26120429669517,97.9604598978309,103.49342829890102,100.04262883056032,98.4669452465357,111.17822139975011,101.13072392417564,100.30032353779201,106.81349080501414,96.22705669793395,103.23443446261136,123.3014050078139,102.79265195161081
-16,104.84305675884575,111.50341727036415,102.7361062478115,110.75207396906022,91.77855906882617,109.58999633789061,104.23762166580788,85.564798652067,101.71364686137841,105.1871776461431,100.22281056827526,102.68622321378564,100.48560588639106,100.92023304826708,101.76556786477474,91.48581183587761,95.05578770193519,106.26888415963846,101.99864141619399,106.00940125892275,100.42840575185244,113.89233712935453,112.5696738540864,97.82142542477027,97.70630789130081,103.83537026790273,99.48455152957429,98.61294993725681,110.71879971069013,100.08797934829295,100.00380523507535,106.91496945911689,96.78596126992647,101.51629255977832,122.94137197814314,102.80358922226799
-15,103.24475517694745,110.86145958261572,100.85739544333411,108.26866146923379,92.58417648439674,110.1699981689453,105.4805230548012,85.76253932796584,101.87922042043999,103.50938819023368,100.24509453930999,102.12421489475632,101.04856144108543,101.30778117974796,101.24370499274849,90.7731083607587,96.69897684770645,105.25855903481687,102.48396566464628,105.00330390757308,99.97771119758134,114.68458681162453,112.67505162131373,96.66065178163792,96.59218709531712,103.93103649901514,98.59256444888506,96.94290095510898,107.88919646993253,100.05395307127205,100.61632046761699,106.77863019708194,97.04845075962815,99.6736458851067,123.51990775060888,102.412633805537
-14,102.99441612947729,109.2565693130243,100.73130985866716,107.66191631823756,92.73910472892443,111.2699966430664,104.5899416983743,89.84098084202941,101.1424354515759,101.08707606310969,100.22281056827526,101.9368787884132,100.3115625754292,101.3457186611139,100.09843518383596,92.47308098579876,97.2512098519122,103.30540968296799,103.29743716387851,105.67339136924979,99.94904583415672,114.36767973054909,110.81187031612004,95.58659241315891,95.68347892106608,102.4567280293775,101.42401878289486,96.58779633583346,108.43033443391079,98.22515639685106,100.15966905592117,107.19634436599834,96.88816906491834,99.9769817692665,123.04861510138491,102.22920464082199
-13,103.11958198028992,108.6767416592898,104.84176533286134,106.77295786134957,93.1315827857471,109.87999725341797,103.36661032602483,89.42901743370358,101.40734683008901,101.96092696038026,98.84772247422019,102.41315998113944,99.89042130323699,101.27809754150223,101.26245364334154,92.35728570678073,97.51719051450512,103.68829525381696,104.40507835515429,106.13079348550514,99.19177089249594,116.61549868925482,109.32349887076305,96.08262018613723,97.16595862524335,103.04292491033206,101.76423038339064,96.19755201478992,103.24514745949132,97.35159374595366,99.72011799941158,107.75498998758543,98.18299017745773,99.32164841112494,121.75437709040375,102.2026270321769
-12,104.40015373384153,109.54649103945087,105.63611317400523,105.22082235762385,93.46209269674985,106.62999725341797,103.18066156810863,89.93985432301021,101.02239383175807,102.19861184432781,101.69976963192107,101.17799943681919,99.01804740349111,101.57659475824595,102.94365258044753,92.06360783610232,98.00180539697169,102.52968968971403,103.41956710697487,105.28978482042368,99.45056595381057,116.0525528265567,107.46032419643817,98.12294203779118,96.92641823407196,105.0064057697562,99.93921730036742,94.80149149000917,103.1857900008307,98.48377746506254,99.83939123663643,107.47207600863806,94.6562768074282,100.86434884105648,117.67394635100865,101.96837814293912
-11,106.12362851239736,110.80968587086402,104.41306280133753,105.75701149081291,93.21421223349226,105.30000305175781,100.07829499981969,93.12020605210807,102.47940957157282,102.63553729296311,102.23771285247942,100.60010926405292,99.16845827934233,102.36818864178584,102.97803146416472,91.37000927047153,99.56723026336742,102.03061260948381,103.0776071553809,101.24985389070385,99.49196499851229,114.31060305811309,107.84925117598459,97.76205847139535,97.617176187606,105.33207346431101,102.32704850368854,95.11332608829109,96.31006017556659,100.24548291381241,98.42427303768204,106.58490732127197,92.94332928819887,101.19333729528144,114.11077977737745,101.66270106644149
-10,106.874638308963,109.02878552017097,105.53524085838629,103.72512951507649,93.06961463992717,105.05000305175783,101.87903519593948,95.66614318431446,101.51910187697193,105.00542049967588,101.7697980308702,100.89857958669195,99.40266462918879,102.46549339964324,101.63119935670957,92.27610805742636,100.67283126568398,102.3349272433664,102.69104598637657,99.74945071202941,102.322788711193,113.03612697475256,106.04800218553436,96.8707818091874,97.68332370984069,105.12989148578826,103.03747762203201,94.38240048830323,100.87581657201015,99.40303881832092,98.8124998259801,104.33594764952727,94.59494759340966,103.51815096643409,113.67960756248368,101.85645751125621
-9,106.42210488132862,108.1383313950448,105.63611317400523,102.72329650116862,93.96819215420548,104.48999786376953,102.08455397049951,95.0399570435616,102.25174987535404,105.5437156391896,101.90985482876846,101.16212727304791,100.09669364265856,101.86849896615581,101.12808513527638,94.79383201421778,100.74383373288558,99.68351440175624,102.80998688733283,92.96508337535828,102.60149108491645,111.11406912944919,105.76445297321526,96.86999991227498,97.94514277690223,105.11971281744464,101.7958069380349,95.94789950617387,96.42190676699184,98.59850191808746,97.13650839982441,101.01274695772062,96.20615236254719,103.29215965349043,108.6591474768388,101.1984348979856
-8,107.115346953803,108.05549661606577,105.33350584686185,100.95950370935829,95.9719050421693,103.36000061035155,100.9199475813259,96.87731661056252,103.03820375394386,103.70512993785226,102.87751732860455,100.52708568274626,101.79845191812555,101.70523392297312,100.73903633080326,95.66411820386746,100.80243381214255,100.97602083625871,103.04150356855114,96.556349109818,102.87780224826267,111.56185250383504,107.62328442846551,97.81360645564604,95.95016852658051,104.9026065424571,101.4990046688398,94.53562235008252,100.88527889866499,98.34426023467569,96.95023170169185,97.031461573531,97.5111931203299,104.13613381412175,107.76397642753048,101.41173116774
-7,106.33545329519174,106.07785774062808,105.67393788743395,101.82023545298868,97.55215580040047,103.19000244140626,100.12722377474037,97.67652662848471,102.95956341887324,103.90437050254,102.39686742154348,98.90138076196851,101.49334170566773,101.99383659363492,100.06405630011879,95.32866018406436,100.19835566210283,102.47214439761798,102.55723585235252,96.18925617150256,104.53966429933598,111.49886513410617,107.53419870591965,97.29805986584175,96.59218709531712,105.37142159555637,102.05946201529339,94.57256634461507,101.41610387177194,97.7725784286696,98.1719441874106,95.71940263733137,97.70120366096955,105.27553162994127,112.7253468168866,101.57602852234936
-6,105.46890070459875,106.05715299566299,106.73307796200598,100.09877196572789,96.49865792157232,103.38999938964844,97.1618697228248,96.49007000096617,103.31553867587387,102.36638438964363,102.44142564958894,98.8505762719485,100.64890837362617,100.50794351875021,100.67966242511031,97.0525030163825,101.20477883336795,103.9483432392961,101.44534908668297,95.39098373462711,104.26494727624127,111.38077132437223,105.2342884878834,97.21213702342907,96.94800840452635,104.08369167794893,102.47544963828608,97.36289410319718,103.62541536830977,96.8683897548031,97.57557800128636,99.45570028185665,97.03219687324226,101.86829924473675,109.5568744783453,101.27701542332485
-5,104.14981468637137,107.55849584175097,107.16177087381628,99.84478537309374,96.94278135323017,103.61000061035158,97.07379344799428,96.9432322645497,103.82880091900115,102.23705616358762,104.19212590929337,96.71365783219576,100.23850792516072,98.69881182908587,101.68588133153182,99.12016864199433,101.28479934305177,102.36590849393501,100.26761378625511,94.57814185961985,102.64608813048855,108.8869255976562,103.00064717279646,97.68550885660355,96.57686147432133,104.59050488431146,100.92829481883373,98.24703056317918,102.61625455486055,98.16877033402362,98.89613378835283,101.87224988624317,97.55160665640317,101.71323245226043,114.1804584184872,101.31590617356264
-4,101.96418342339584,104.27624474541064,105.88829396305262,98.75828298474994,97.64511589910822,101.5999984741211,96.57467215742147,98.4674956181428,104.32550896421502,99.83571560462813,104.42768127704444,97.87896341398421,100.53932311958374,99.39311102043068,102.4639789404781,98.81814057060141,99.02175219258467,102.198811014304,101.48357870160612,99.39207270825347,102.97416025017114,106.85759820737681,103.64162010691614,96.7981321436295,97.62901678108749,102.51915001742134,99.98815758753196,99.5457582947409,102.7134718221679,98.32092725224697,98.5677814458594,101.93426322899697,97.46658283759736,99.34126779146202,110.30722011076624,100.95880093345967
-3,102.60928082856428,102.15365685609864,103.89610901828901,101.80612209635989,97.43854227974535,100.70999908447264,96.12448710839153,97.4293460690641,104.59870059967756,97.57768787287603,104.4308577628894,96.86289299351529,99.32960997892032,99.24798430078776,101.87181339695033,97.36886341308552,101.01882555920977,101.82478012396419,103.25389896051487,97.71588789522713,101.75742298285608,107.52288803397354,107.44837537083134,97.32930713635405,98.247345662794,102.99746460883642,100.60781736051416,98.4038500087024,98.13309660363385,98.78614490826494,99.76621006939449,101.07886449265023,98.95327467037674,99.51632240334277,108.42605710442498,100.74982250330153
-2,102.47448457512147,103.29260741860256,102.05523254695382,99.50612940602362,98.91551016828402,100.27999877929688,98.53200235318063,99.1101575293611,104.22202785829606,99.42326054122647,101.61064346180615,95.56423410414426,99.49935827184736,98.91980344579832,102.12962164727209,97.92278920603216,100.19046573477478,101.0346738076862,102.85140554439607,95.1899574961241,100.9643187670064,102.23108399665493,106.13925620218313,99.42821404447048,99.92549691179812,100.59365902918694,100.85883025294102,99.03744281547124,96.66021877193283,100.29458187022517,99.28009128851757,98.08931085045181,99.2905683336409,99.48086014310911,100.18896234752899,100.14820741489567
-1,101.6368158465741,102.96127620224578,101.50044443076307,96.9239449404693,99.81408768256235,100.44000244140625,99.91191625854732,101.07934211827366,101.01825686127609,100.28662565441479,101.39419557924482,97.17723547992559,100.05371723319266,100.34137693831944,98.98127881436814,98.46238996005675,99.59202128175481,101.10992170665828,100.96108785227736,97.99363188708247,99.38367038545242,101.63763557211405,103.51560044506391,99.21964781074585,99.89068063692362,98.98500704514584,102.00183022605711,99.51602046948138,96.68516108692202,99.74381192334391,100.17487839489615,99.883656162041,99.98652504045607,100.01999703038112,105.13792701767935,100.21204624046045
0,100.0,100.0,100.0,100.0,100.0,100.0,100.0,100.0,100.0,100.0,100.0,100.0,100.0,100.0,100.0,100.0,100.0,100.0,100.0,100.0,100.0,100.0,100.0,100.0,100.0,100.0,100.0,100.0,100.0,100.0,100.0,100.0,100.0,100.0,100.0,100.0
1,98.91199956982733,99.08883323034942,99.29391303009432,100.77606236919443,99.00847026699178,100.5699996948242,100.48933254893979,100.68385448041322,100.50913158863078,102.43979554534451,99.01642592886711,100.08572712630308,99.77868526153742,100.30839176282562,99.5422029645374,99.45921156472195,99.75656788298805,99.53522720833267,93.1343163620548,100.77303376007917,100.38620963702496,96.89400666106752,100.7496197196734,99.27511481488686,100.09679026415914,98.73533565711752,100.36863724474374,101.1130616053761,101.31199727451386,98.6612137589589,99.38605780430511,98.46704042760678,100.52592041176209,98.09132904445697,90.48873190216634,99.3632070964193
2,99.73040749311437,101.10788949527662,99.0921683988564,98.37730847846711,100.01033065096262,100.70999908447264,99.97064124172316,100.49435483277847,100.58777192370138,100.3844965282241,98.4816689081777,98.87597367197567,99.34465237796132,100.90044395610325,99.77031472556781,99.80660468816409,100.42038110618982,102.6458811990953,97.89834344817126,101.53051414112748,100.89901733889974,95.0497009151129,100.09995371653567,99.52272821759162,99.47775587688264,99.45044301225307,101.16984534426008,101.04095590550524,99.73502334758213,97.3297205584582,97.93910556557395,100.93689447915455,100.43253712731331,96.05363072752347,98.89253352037798,99.66199977151814
3,100.20219438016423,100.75584563439544,99.974786730952,97.70000730966373,100.87791621235311,102.66999816894531,98.05245854587385,99.67042801612676,100.2607744080311,100.25516830216807,100.1145866269946,99.28557821091063,100.13751926446734,101.1593629885193,100.13280453110826,100.50378815671944,101.88550002638002,102.67686244966391,97.6126713867083,98.94631784420683,102.20971167737866,98.75504736907294,99.72405639421311,98.850954810554,98.68533712073658,99.88397643220034,102.67122042275582,101.3987559621424,101.2431774891984,98.25772881306447,97.70625534241083,99.53411788053259,100.6717970571278,96.06192981751582,87.04119767467128,99.58770952736934
4,103.1580962449657,99.35804231225157,101.52565769981108,96.7264010090135,100.44412343165786,101.81999969482422,99.04090491876427,100.71681230740683,98.55954477408415,98.40259799967934,97.157501727882,98.90772768948388,99.92049954403957,101.05875669341383,100.2203014126908,99.05570596684504,103.33821655862556,103.00994972959454,95.96873312708269,99.06479973957573,101.13153824716699,99.62307291145451,97.87826122705555,98.9962446063416,99.054393034433,97.22846207443911,101.2621949627253,101.36181196760987,104.1063347073836,96.98116781458374,97.93767860242069,100.05945447903444,100.52731554646235,94.5829877681914,92.25973960279612,99.44128657525117
5,103.92836684679168,97.22509810067736,104.2113277898131,94.13009242149352,99.42160962573966,102.5699996948242,100.9101588396929,101.42538987261231,96.71758235192394,98.51095465757088,94.88158361904706,99.53642235227016,100.04727142750072,102.24121031134503,101.97337653470007,99.47592653892706,102.80626899094159,102.80854796140062,97.13053618039608,99.43383092291522,101.68336350373363,99.10835569567166,98.43232336360104,99.39384872163669,98.93810361632805,99.57663696632285,100.84777797702496,101.44562356687996,104.35067487603145,98.23828268299864,99.13610722595578,100.5084255749482,100.95659735947507,93.09121482834608,87.47784692998971,99.50202108370075
6,103.51434768383308,96.90411530702349,102.84958038809773,91.9994277146923,99.08076906377433,102.51000213623047,101.85946517929563,102.40586479596791,97.27637653429498,98.74865020864364,89.98599723441737,96.8755965385117,99.60679273823268,101.75800819063076,101.82337779351079,100.47752072777027,103.54446214805644,103.0464693768203,99.71857351293085,99.99126307900477,100.72781250811043,100.24702389783818,95.77281449879251,98.31353417785829,99.19505214493668,100.18996592009573,100.64254482555471,102.98859092876411,104.86428702628898,99.65679390342163,98.26412832737644,100.09738071831747,100.59188873222296,91.17463164383143,87.88967584113982,99.27407958417966
7,101.97381382602599,95.4234851054599,101.95436023133486,93.49513132257654,99.70047416190722,101.81999969482422,101.57565140491589,101.97741933111388,97.71514172881912,99.46870249462457,71.56862545103428,95.38007630654167,99.15556666795845,102.51496613005277,101.5561952178925,100.20175279893846,102.28107635668057,103.31426436347715,99.90654550899252,103.53202775045267,99.88613561642731,102.4446379703915,92.09969113413055,97.03872754477885,100.11559241260211,101.5998232936796,97.63111280230311,102.72452608160201,103.61939770663027,99.24261566293501,97.8744745759251,101.38176138289255,101.04998064392386,88.70268183112742,84.07882235971918,98.4001501963626
8,101.04948616549689,97.76350836492236,100.55478811619074,95.075482774223,99.34931082895713,101.19999694824217,100.645915081957,100.9722338950915,97.8351770326515,100.7934527745566,75.38515376571425,93.81469142207418,98.47442926587256,102.94374321448538,101.43276501208076,99.76123963611487,102.98433921652266,101.69974068821604,100.11894090095626,101.2624791564568,100.00239121037724,102.2094354671391,89.06862816607409,96.56379191777954,100.22700279218704,98.58742610630489,98.06369329288734,102.22882964989898,100.99969848679437,100.26396178138182,98.2199388749312,102.26433162323241,100.74567114089012,93.10177981860271,81.61582845090061,98.20797951543327
9,100.0673981267214,99.92752154328318,98.96608281418946,95.55524001157059,99.04978499086434,99.87000274658203,100.44039630739697,100.93927606809791,97.78550812292575,100.67810914965199,82.24471666377674,95.26576378150523,96.71035716386386,103.9217028362822,101.65619437868536,101.11859900827886,103.3111693099299,100.98709087543072,99.61662787313576,101.4596229775569,98.86767440307467,103.46717658844884,86.66225271832467,96.43022104035008,100.53269070559313,98.62474512954033,100.07499552175656,101.37712645253818,100.24863549783969,99.92124228311454,98.86905629242025,102.00242660362393,100.77819025622046,93.89898063963233,89.27365716327422,98.588578172728
10,99.14307781203716,101.41850806710897,96.74694958885345,98.89938425502739,99.07043841281171,100.30000305175781,99.37365493468684,102.89197860048232,98.58851619942901,101.14299313346481,79.02024354029548,96.28183420197416,96.67597734774702,104.88975784633479,101.56556954318903,101.43853702151837,103.5027631598588,102.23975462471317,98.49942603723272,101.84224558548397,97.13733236375909,105.52898878661435,91.63036487018749,96.61534943735842,100.59187667286633,98.57589745997916,96.65861851561671,103.52575308869618,103.12040437846323,99.49685734634679,98.66519778405383,100.35364247368422,100.65740335034225,93.78239730774204,90.30342982067724,98.8621464748684
11,100.73175633715019,99.44087709123059,96.20477291704344,98.96994027283455,100.39247805682268,101.51000213623047,98.89411112738004,102.1586842365473,98.79134144078492,103.23324831990111,79.0106946547126,94.91332035007133,97.18307143887104,105.29215282976972,102.02336657865163,101.14008656666196,104.3345004510053,101.7816279090344,97.82188421832494,101.87430072031587,96.69857442063937,105.26818527537183,91.11432413543416,98.4080578863076,100.85508975093359,96.78609996413033,97.25301319055887,102.93902788666489,102.026072123093,100.55904211816957,98.92987044566728,100.81183548921251,100.81908017975235,94.57884282868358,95.93964283640517,99.10539931955338
12,100.43327262237408,96.88341056205839,95.41041545618604,97.9539939022979,101.29105557110101,103.51000213623047,98.40477857844027,102.01037715810747,98.49331535045951,103.27869027329922,72.46944089477819,94.86251586005132,97.58487529398742,104.86007420808905,101.38901180306708,100.76642601427068,105.55505913902938,104.64439812453679,98.10331070539408,98.76568763361739,96.22637841370796,105.4404124225077,92.652672439059,97.57380248673732,100.19218651731256,95.44001455657241,98.59572499509297,103.43832190211184,99.30141564178257,100.5561225283031,99.37084846533013,99.56999202372774,100.98354727856291,94.69881579999358,92.7076902634786,98.66908734347591
13,101.90640835345972,95.65126889831323,94.02345478542267,95.97854382240295,102.00372076794166,102.94000244140624,97.67077975503058,101.60665477804574,99.43292556067951,103.0130361870489,74.22650869720853,97.07880480862609,97.8018950144152,105.78194795931782,101.39370373393777,101.26782423570708,104.99380121359052,104.35225445501534,96.21086698518198,95.79206412544369,96.55683202340042,104.56057149234654,97.66315584265745,96.88328262445796,100.81400892660048,95.75007882463463,98.80489919351147,103.17064846942066,99.99312117207666,101.52593669878176,99.88786157854145,99.36600866747828,100.85531965428336,92.35438274850387,95.81488208956128,98.77507018812719
14,103.05218385356851,96.59349673519114,94.50258385504246,95.34358272348598,102.61309521511197,103.38999938964844,101.22333137234946,101.85383533746632,97.69030095797078,102.5446533861669,74.25515535395718,99.21890155711934,97.48388663329405,106.59003946343577,100.85622016523226,101.03860904017795,103.15564075117886,104.826982852381,97.34717714675362,97.36627472625698,97.39772156532518,104.00059299190727,98.07816202925804,98.4939807287203,101.16564820279257,98.10232021461172,94.14764163992648,102.85249884646284,100.90506471821851,101.93962834095731,99.43024725675035,99.03184233745756,100.21371648798545,95.52543648055213,94.2806250273852,99.04317363954571
15,102.73444667937694,96.03437382642171,92.68693027246876,93.77733386313145,102.87130632933217,104.12999725341795,101.5169338883622,101.54073912405852,97.08597483635597,101.91548500698218,77.9125290995731,99.94284858246462,96.4589641845987,107.1837323596751,102.14211439003755,100.93355389715744,102.88966696733688,105.18331113584478,98.58862847205343,96.00279937113136,98.50457007932889,106.38618405743179,99.03853728338609,99.11654230691627,102.24355871289603,98.07586727182121,95.79741785301977,103.30674055172193,102.26524529427783,102.10248448789861,99.59229458459362,98.98571397021345,100.52778059136244,96.1951113293908,90.11884910548798,99.25110191484366
16,104.2653574803987,98.09483958127912,91.79171011570591,91.6325665650383,101.85912317437658,103.79000091552734,102.17263771195219,100.21421644636426,97.930377881621,102.52018300093326,80.14705575218359,99.18079092213009,97.40008460201936,108.19631785992745,102.38117398976625,100.2924829030369,105.26090311258665,105.72775578966764,100.48426123440561,95.61726050463602,97.57369909650157,108.00414133246099,96.1095963259682,99.0790493964328,102.46290294461875,98.18238301923155,91.28145984087614,102.4766778657505,104.02288559795025,102.07039273587053,100.10501520701871,96.44513768031933,100.54914997164927,97.12775035158297,92.17620360412415,99.33215841468319
17,103.60099926996993,98.17767436025814,90.21561625808538,89.65711648514335,101.34270094593619,104.2300033569336,102.91642527699487,99.21726575254323,97.73583289721454,102.75787855200602,81.40756207625606,99.25700250214294,97.40438617733362,108.24579059033701,102.47804519664531,100.6888259814528,105.55167479356697,105.34044625563523,99.63786222689775,94.26640448790855,97.03620166146352,107.43529678608238,93.89116622394566,98.67285395042926,102.53392950537345,99.33238205437,95.23776027892976,104.61447874532122,104.61651269469314,101.96198812676384,100.02708909725901,96.56404038199769,101.41422422627588,97.52578428703171,90.7809208766257,99.30783263828069
18,102.44560071307585,97.8981168556531,90.98475083018127,89.44545919705874,102.34455344992917,103.69000244140625,103.3861803426687,100.49435483277847,97.23498788151869,102.84875179167703,79.8383003566504,98.48542929551817,97.3592589802106,109.0835657327007,102.47491724273152,102.42939107436409,105.97317713615999,104.5160288966521,100.31328449950512,93.17484653485653,96.8896865638375,107.27093855505797,90.67107044767647,99.8719024009575,102.410678532307,99.22586630695966,99.07170518116627,104.54417733821491,103.59100022463836,102.5866616756713,98.8956581339684,98.40605313289693,101.3222247339688,97.96644662257434,97.1656627503898,99.55173401958803
19,101.19391282156987,96.85234949483107,89.44648168598947,89.43135122309836,101.27040214915364,103.88999938964845,103.60148785886172,100.11534925144623,97.6820270170068,100.468382800882,79.24624516545168,96.75175877721935,96.95531089471652,108.92854446697586,100.65934979756035,103.01434959404983,105.80299683790697,103.78899276084277,101.8414644185216,95.59783656291188,96.43659107882178,108.0149655972189,93.38381855821041,99.72426691443263,103.35907351988544,100.37044058394913,95.28354001988639,104.37204340776334,103.41893500830868,102.55554312026538,99.80897255868648,98.60029528911937,101.36171952280041,97.95211434285392,97.0099010641667,99.37688038728606
20,99.74966095252982,96.18968706211756,89.21952378570357,87.87921033670422,100.2685417651828,104.66999816894531,104.02231414961483,100.50259586104255,98.11250563859602,100.19574174761858,81.00330811087004,95.8531791905274,95.7133687255934,108.11551072264814,100.3390492240767,103.29609236108921,105.53927928437328,104.59791611747048,102.27794187516974,96.89139284065634,97.64138201461807,106.00236115537794,95.25243054496458,99.27589671179928,103.12093563978688,99.51693149839026,93.7940073538587,105.01103809104065,100.37940674257462,102.83847036752772,99.66119486237578,100.0117870397244,101.07135002421069,97.43712863644754,100.3137141886161,99.30756722262412
21,100.12516585081266,99.13025061983892,88.24864458236976,87.96387432847175,99.97934657805264,106.80000305175781,103.21002032638546,103.79006209938528,98.03385898753994,97.73847345117875,79.707792444335,96.54537219836445,96.03781635512703,107.41296775384544,98.98127881436814,103.80942568616463,106.19745193180434,105.49648045023652,100.53417104025648,96.60878841785386,97.49646105724354,105.16779953029179,98.36931684810935,99.78285197089512,103.08472535390666,97.18096438286004,93.60850834456468,105.02635257596897,97.1789979196534,102.75972451889372,100.1682192335143,101.8409867028553,101.54988122639826,98.48181919000145,101.76700011007516,99.42328154095371
22,100.55844581903159,101.20107269695853,90.97213938580053,91.64666915633023,99.7521195367424,106.37999725341798,103.32746282611498,106.12177649916468,98.11664260907801,97.24562026506312,77.4032325357634,96.52632172585265,96.57713947471078,106.8621445135195,98.6187890088277,105.46761816208002,107.32446648579679,104.82588192719182,100.97489407129842,97.65082332143832,98.47908327603987,105.64708259634827,98.71479174430308,100.00625517529937,104.12991060564423,99.31135386972845,95.44852438626384,105.42742265359976,97.77004151766478,102.6080482648557,100.4043874360419,101.4755571894467,101.46904281169323,98.7006443630849,100.73867909102859,99.93954520729213
23,99.37415605424701,100.99399364907029,88.91690683884671,91.49145452942398,100.04131472387256,106.7699966430664,104.11039042444537,107.975611836631,98.05041950143885,97.9307270488534,76.07588401261076,97.48523103882052,96.72324877524774,105.65331886025298,99.48282905884444,106.63873745548106,107.55212562690357,105.72554043100477,101.06197695981871,101.72571378984871,98.29832332410902,107.26306963894649,98.18897047804586,99.93516930356633,104.04843746241377,98.8961321143115,95.77137225423935,106.17817347042731,100.05161746449343,102.30470762503114,100.63057849782314,102.29097759042251,101.75243663678167,99.44992047242731,103.81852133801515,100.36165671227953
24,99.84594294129685,101.0043499713325,86.60951274227249,95.69634128184804,100.43379278069524,106.80999755859375,103.983166649705,110.79344004092478,99.62332725861852,98.62630894960071,76.99897857037737,99.01886190577981,97.75891860494929,106.88193360568332,100.38592085055933,106.71394755301593,106.74405811774123,106.28437816199391,101.46128133379744,102.59294507262551,97.08716554767418,106.75918269472776,96.06071356105505,99.65474483652443,104.03589986342942,100.00542475814895,87.33700181529055,105.79153773491288,101.12100740487446,102.93131569893141,100.21383564911277,103.19302397442587,101.1949271994894,100.76097404973116,101.53135378546317,100.45558607214862
25,98.44983573956276,101.13895056250392,89.35822081475125,98.47608044419502,100.54740630135038,106.16000366210938,104.8933254893979,110.76872324219526,100.72436774143266,101.05560804373776,79.10618836755341,99.88886578370408,97.83841906090971,108.6564293512298,100.77809760894625,106.77602029288221,107.10019169015243,106.79009456407043,103.51833018642284,103.17271150165266,94.80578560155028,106.80050952132842,99.90765852086535,99.31963526225395,103.2212024313932,101.0523036960161,92.06845511826852,106.0060285381906,99.02869899519753,102.4641575837949,100.49135097910555,103.267850404948,101.38401899288742,99.33447009066917,102.12193014110638,101.04205503789528
26,99.46081498622874,103.33402480809207,90.0516963402762,100.38097450628281,101.36335436788355,105.83000183105469,103.86572414997546,112.63904063618979,101.68881240651552,100.92279166773783,78.1894564955007,98.94582863450748,98.58186373225789,108.6927160639717,100.24842438858037,106.13614426640316,107.333484528279,107.63774617244447,103.19017645384996,103.32227051830924,95.45795421065417,108.2659179463066,101.06250389563543,98.88766582412507,103.49486209193621,99.89008860245062,91.65009708561988,106.77390913449617,99.8322406148895,102.01449327135417,100.11547960347593,103.39956619439468,101.60702503631605,99.55329526375263,104.85814376242575,101.39081684263353
27,99.76892175779017,102.40215329347637,87.90821254179765,102.63862712673266,103.2328003132449,106.79000091552734,102.48581024460879,110.87583775144014,101.92888933016575,101.63235816963652,78.54596117596031,97.16454162489484,98.39063379187732,107.27114257145061,100.56091461372438,107.20220841678372,108.22946247445317,108.79192777336395,103.73072557838658,103.90398111971525,94.08355258432005,108.71075798565839,100.9017185885798,99.3454187897075,104.16472688051871,100.31480989618338,87.95744208901313,105.07863305900015,97.33901731059672,102.13651076491949,99.10141925987249,102.69382031909218,101.46068334605023,99.69025327606808,102.9831702570522,101.12620128547609
28,100.7991544638716,101.54276023557749,87.30298826779743,100.80428908245204,103.6149555990828,107.25,102.54452776116247,110.05191093478845,102.30141878507976,101.40166025270206,77.36185079356291,97.67256714516364,98.21659048091547,106.74010842328848,100.78903591119968,107.28697096906265,107.200497636358,107.76500772099773,103.34097536724218,104.7352689229024,93.97685211151166,106.12145209493973,103.28419638511555,98.94937846823724,104.61524743737851,98.61864124136356,86.76944287568078,106.18448849510322,94.5696221927162,100.68883331646063,100.1839042268737,102.20948810400523,101.40352819357392,100.53649333696369,99.82418254949017,100.76166542236062
29,100.38513530091298,99.52371187020961,86.43299099979606,99.23804022209751,103.40838985969778,108.0,104.03210289124783,112.65551012059245,102.39662595003473,101.3072775288367,78.16080983875206,99.61897116983273,98.75590704321975,106.32946966239567,101.22964827302611,104.88981487546725,105.21131419706093,107.40867943753393,104.47622899656011,103.9768164556647,96.20328282079618,104.29977999471643,101.8425394105688,99.06420289042497,104.84015921305698,98.49311813524808,83.42727125474552,106.37285005865051,96.69634574606455,101.08599248431108,100.47851991205266,103.72758249254224,101.60144449751502,99.7476008169031,102.1131757821837,100.7837517200777
30,99.07567968531575,96.72809732636254,84.11297583912761,100.42330381083235,103.5013420784277,107.51999664306639,104.5703642151083,112.5319261269449,102.03650740656668,100.82840894387246,76.41010957904763,101.44154712317517,98.77094944226076,105.61703214751108,101.80619311987465,107.00523548841132,105.60126370909266,107.0058759011461,104.32543008316787,104.13704471098572,96.80369047356366,104.29879487850093,103.13861566025551,100.42103241668316,105.10893983508001,99.83580789266698,78.63897629908327,106.62700229739276,98.42388723931211,99.37143959872967,99.28911712049509,104.2016667399707,101.06902479971028,99.6023437145953,102.05809367644957,100.6382204577939
31,98.08396124391011,95.66162522057544,82.20905176560221,101.98955267118689,103.21214689129752,107.66999816894531,104.70737673148167,114.71532716222173,103.38590506998048,102.57960955548275,77.03081142699499,100.86683525914941,98.80317847072047,106.26680084865612,101.58588217073898,106.12778677930062,104.42128277286302,107.12981441170508,103.6255908964514,103.45919241450324,95.75018733578047,106.69225486013691,104.58787824133444,101.1904571198198,104.98638586751643,99.84056180286164,77.74778417285182,106.85592744278686,100.22540501331079,99.18087701868573,98.84671213767898,104.22985803561727,100.93104257508745,101.15108654523162,103.47854407263108,100.83504834780277
32,97.99730231192837,96.9766016632996,83.54558589826961,103.71101615844766,102.81966883447484,107.48999786376953,105.0596967640481,114.575261112046,103.34451010121872,103.14586323017406,77.3459392222661,101.73366082833314,99.3704356007291,107.32885907931802,102.00774588197238,105.49387830464111,103.91299810841228,107.37105886511904,102.98946125281392,103.72625531298449,96.70494126127794,106.99734054662657,102.2151743454338,101.35058388628701,105.32479903928842,100.68117569996566,71.82596124688558,106.85773173555143,99.40723406950094,100.43069884656023,99.21974118832851,104.08173799024843,100.7716909701778,102.02072248690475,105.0011345934148,100.9381846943062
33,97.51588502224836,96.72809732636254,84.95775983808099,103.18892961655055,102.84032225642221,107.51999664306639,105.37286929670466,114.38576146441125,103.55975257000607,102.57262258846967,78.42818834909676,100.66043899032884,99.02449320918305,108.15013660110364,102.0999346944256,105.92603398036215,104.2229271107602,106.86644338823169,101.4124280602003,105.45877370615922,96.16903796649137,108.53656060609156,102.98543595973206,101.7270958556031,103.85485693409548,100.7015330366529,70.98133899816274,106.57022208423538,102.79950443033275,99.82061137873359,100.55503065998555,103.47541867296077,101.29853012918153,102.11239933784131,104.45067867210179,101.05514426955361
34,98.34392334816557,97.56678563929633,85.38646236960479,100.22575987937657,102.74737003769229,107.66999816894531,105.32394052178398,109.84592923062553,102.57461042054233,103.71561572193451,77.69926255986874,100.69219300783705,99.09110861103903,107.52510929799455,102.20929864407013,105.66817599337696,101.52259776304395,105.70783782412876,101.247822927787,106.6960023311101,96.75113244710151,110.11317904090767,101.55899019824972,101.3537114739367,104.8561733394885,100.18589942200238,79.20100428282919,106.69009753522607,102.85542772604536,101.1715507093001,100.04324974500285,105.1959636020718,101.10062516779898,102.80433711732537,107.22738676953647,101.21624379642988
35,99.67263242317826,99.05777216312211,88.3747301670367,99.08282559519125,101.56992010726856,108.91999816894531,105.42180553824751,110.80167478312613,104.65664976635276,103.9113574695531,76.5024170920195,101.39708956067052,98.68285239295128,107.7972244137406,102.21086262102703,106.37132701375182,102.83894993665703,104.48061692875778,102.3097998876057,107.9516768842409,96.4190749767902,109.81203381927995,99.71753825016677,101.45525318394144,104.66816885519312,103.11212991658047,78.77948570397264,106.64322993048852,103.86286620700693,100.8356435873879,99.74815840543944,106.35631132474876,100.86042380562574,103.28838315304995,106.23956022660519,101.53744126456344
36,101.8679014346288,100.74549721169255,88.43777776922693,98.9417243249138,100.61970509813291,109.33000183105467,106.68428441050682,111.46905349307391,104.84705778027723,103.97777099111568,73.30659548229886,100.11748114381129,98.64847257683444,104.47416677956984,102.27492845759068,107.92326937900518,104.36267581485512,105.7476737552065,102.80361528484563,107.87786946210203,94.84082752598084,110.08169136284943,99.70993264363457,100.9998554444245,104.53168327763949,103.73971231886381,71.66177665287172,106.74417130923663,103.55401208426281,102.06164583452264,99.71773972748949,106.15284099252129,100.85624974408351,103.05862455064249,103.25858078572286,101.29791047815684
37,101.57904812248286,98.94387631691578,87.52994616808333,98.89938425502739,100.69200389491546,108.30000305175783,108.25993581542271,110.06838041919112,104.65664976635276,104.4181952568201,73.8477200457142,100.34609650391853,98.99226418072334,105.54942109356173,100.52498128949519,109.46207438658995,105.86610937778052,107.59237859885185,102.53812104489096,108.63827795642824,93.29761227923467,110.25588874241625,99.5219872979077,101.2396689486614,105.43342989692903,103.04224578030426,74.70793614116387,107.57242970244351,105.35380752577382,101.56434236060234,100.79262582566639,105.88171405329831,101.27995101829521,102.09429055768042,103.69741195145437,101.49829170362159
38,100.22144783957967,98.77821465851706,85.76471912360563,102.76562580571817,99.67982073995987,108.19999694824219,109.02329339710923,110.17549492843601,104.69390144864705,105.42836134715978,74.30926732459751,100.05080449002001,98.91276372476293,105.06621897284747,100.25155234249416,108.8986034252873,104.2544799413215,107.17297338077714,101.45065767512347,110.11245851740735,94.79782462066024,110.0610159359367,95.38823073832073,101.16389169545381,105.33663963276989,103.5171730036538,74.243788731747,107.96808690178068,103.3131165805903,102.47971686149786,100.87007628104168,107.1353570712885,101.58193529682853,102.16332682792752,104.63489425126275,101.42473515606778
39,101.74272823797128,99.9689389327727,85.19732918274762,104.85395044263296,99.16339851151946,108.26000213623045,109.66920847906624,111.61736685757649,102.86849954038573,105.95966951966042,71.68640313490982,100.49850997397856,98.9858183750314,105.30698961606141,100.12343020581173,109.6805421597335,104.08429964306849,105.20322910138367,100.54585771297712,110.80779651058994,95.788417540714,112.10412293962042,97.05911684784411,101.68647535746993,106.0329651302597,102.97304077405585,77.78409672890213,110.05002071636143,105.42263781311662,102.30081483854252,101.17752303327354,107.08717035156599,101.56706520258435,102.23577115954774,103.9046043831285,101.81136603117415
40,101.79087290527724,100.50734919701769,83.7977570676035,104.27543200489436,99.40094832381445,107.58999633789061,107.91739705786713,113.28170254740809,103.51422063076232,106.52592319435172,71.27578162679788,101.00336687547251,99.01804740349111,105.68959550733253,99.72500707604209,108.34228769705763,103.70336817351897,104.2017586570712,101.28074395426965,109.75799084484485,96.01853751823663,112.31276334589195,95.51099464358417,101.88175887901156,106.19659992215638,102.93775914090382,75.38836897796705,110.48171976384889,104.08913238656157,101.67274696970902,101.11242799056672,106.57209423350365,101.34128023231375,103.55361322666776,105.09998849376223,101.62198093735633
41,102.39745604576991,100.24849643737774,81.88123116941085,104.24720529163673,98.99813961602916,107.66000366210938,108.86670339746986,117.7144202719489,105.06643721954656,106.54339594544705,72.81639668965491,100.95574069419303,99.20068730780204,105.78194795931782,100.74216428471705,109.08722615294522,102.89868500981908,97.04759556250153,99.73344274599863,109.5695957994496,95.91502532593121,112.41413420718749,97.11560521928946,101.96689982451181,106.12836138341312,103.49478655895665,70.78873839571253,110.2473927419463,104.56317289771204,100.19250303916249,101.01834123306321,107.83751177843719,98.8561823692858,103.86675880099612,106.87318701056188,101.50673062998038
